"Transectcode","profit","Region","Catchment","Transect","profit_ha","profit_ha_year","distmarket","distriver","distroad","DPFpx","edgedist","edgels","edgepx","elevation","meanprecips","meantemps","MFls","SFAgepx","SFls","TSDls","UPFpx"
"100_3",80.994409880784,"PGM","100",3,323.977639523136,12.9591055809254,61492.56640625,856.102111816406,70.7253875732422,1,34.9309387207031,0.0399999991059303,0,57.3415870666504,155.212020874023,194.632308959961,0.593469381332397,0,0.0799999982118607,32.4122467041016,0
"100_6",177.891380290219,"PGM","100",6,711.565521160875,28.462620846435,65578.3984375,2184.24096679688,49.8851890563965,1,94.3661804199219,0.0620408169925213,0,70,155.805023193359,193.484817504883,0.635102033615112,0,0.117551021277905,1.74448978900909,0
"103_1",151.746188234146,"STM","103",1,606.984752936583,24.2793901174633,34386.18359375,1533.83801269531,213.565322875977,0,213.565322875977,0.170612245798111,0.666666686534882,168.851654052734,170.432373046875,193.113418579102,0.540408134460449,16.1111106872559,0.504489779472351,30.9942855834961,0
"103_3",334.999197248232,"STM","103",3,1339.99678899293,53.5998715597172,36509.19921875,2520.64038085938,423.206756591797,0,199.925918579102,0.164897963404655,0.444444447755814,164.215866088867,170.470657348633,191.933395385742,0.538775503635406,0,0.243265300989151,144.340408325195,1
"103_7",1805.1181660537,"STM","103",7,7220.4726642148,288.818906568592,32081.6953125,2345.10766601562,622.401245117188,0,332.764373779297,0.22122448682785,0,176.356185913086,171.025177001953,192.205596923828,0.805714309215546,0,0.129795923829079,217.31428527832,1
"103_8",444.255614751672,"STM","103",8,1777.02245900669,71.0808983602675,28245.94921875,1256.55822753906,1083.857421875,0,126.335571289062,0.0653061196208,0,167.909774780273,168.466690063477,198.980606079102,0.34448978304863,0,0.0155102042481303,100.571426391602,1
"112_12",346.480088239302,"STM","112",12,1385.92035295721,55.4368141182883,38540.49609375,965.969482421875,64.9287109375,0,467.882629394531,0.236734688282013,0,126.089515686035,163.29460144043,194.759719848633,0.884897947311401,0,0.00244897953234613,264.559173583984,1
"112_6",545.182722443226,"STM","112",6,2180.7308897729,87.2292355909161,39446.3203125,474.1953125,1011.21545410156,0,41.9681129455566,0.0653061196208,0,103.592308044434,162.919418334961,198.13134765625,0.363265305757523,1.33333337306976,0.0742857158184052,100.411430358887,0.777777791023254
"112_8",358.256071264741,"STM","112",8,1433.02428505896,57.3209714023585,35234.4296875,1074.80737304688,635.698974609375,0,344.091247558594,0.255510210990906,0,139.444763183594,163.76513671875,196.66291809082,0.83020406961441,0,0.0661224499344826,219.249801635742,1
"125_10",647.309039844621,"STM","125",10,2589.23615937848,103.569446375139,42297.4765625,1263.00061035156,975.797912597656,0,254.351516723633,0.142040818929672,1,143.877136230469,163.608108520508,197.5419921875,0.804081618785858,0,0.121632650494576,212.52571105957,1
"125_6",48.1271756384612,"STM","125",6,192.508702553845,7.70034810215379,33439.8828125,1545.21240234375,1739.97729492188,0,44.699779510498,0,0,139.072784423828,164.43376159668,203.371154785156,0.24653060734272,5.88888883590698,0.382040828466415,34.1453056335449,0
"125_9",493.041097598871,"STM","125",9,1972.16439039549,78.8865756158194,41763.296875,1448.01171875,376.823181152344,0,444.093933105469,0.131428569555283,0,158.316909790039,163.40022277832,198.2099609375,0.835918366909027,0,0.0081632649526,242.220413208008,1
"129_10",451.720040010331,"STM","129",10,1806.88016004132,72.275206401653,31597.279296875,453.38916015625,841.575866699219,0,107.063514709473,0.0236734692007303,0,104.940658569336,166.564804077148,201.494720458984,0.408979594707489,0,0.0832653045654297,103.096328735352,1
"129_11",144.03053574484,"STM","129",11,576.122142979361,23.0448857191745,29737.232421875,561.230285644531,714.838928222656,0,34.7664756774902,0.0236734692007303,0,124.704948425293,166.64421081543,201.724334716797,0.507755100727081,21.3333339691162,0.284897953271866,72.4742889404297,0
"129_2",186.115704940717,"STM","129",2,744.462819762868,29.7785127905147,33927.8984375,911.123779296875,1406.3154296875,0,156.041900634766,0.120816327631474,0,105.991691589355,166.408966064453,201.493072509766,0.537959158420563,0,0.372244894504547,65.3338775634766,1
"129_5",306.0103982544,"STM","129",5,1224.0415930176,48.961663720704,29623.048828125,1007.95196533203,1023.57690429688,0,193.698944091797,0.11591836810112,0.333333343267441,95.7915725708008,166.000961303711,202.668060302734,0.538775503635406,0,0.171428576111794,126.814697265625,1
"142_12",647.745193862282,"PGM","142",12,2590.98077544913,103.639231017965,34180.609375,281.718078613281,413.740844726562,0,94.8773803710938,0.107755102217197,0,96.2002410888672,151.702102661133,199.955764770508,0.526530623435974,0,0.0236734692007303,154.94367980957,1
"142_2",135.71168044995,"PGM","142",2,542.846721799802,21.7138688719921,41191.6796875,1076.24975585938,272.553192138672,0.111111111938953,18.6249618530273,0.10530611872673,0,63.2558441162109,152.319519042969,196.646133422852,0.541224479675293,0,0.165714278817177,108.064491271973,0.111111111938953
"142_3",47.6601583050675,"PGM","142",3,190.64063322027,7.6256253288108,35514.74609375,1092.66479492188,223.934692382812,0,159.269027709961,0.0302040819078684,0.111111111938953,90,151.765838623047,199.369918823242,0.339591830968857,0,0.0424489788711071,83.8767318725586,1
"142_4",59.4407207803089,"PGM","142",4,237.762883121235,9.51051532484942,37070.5078125,297.999420166016,502.961090087891,0,396.212585449219,0.12653061747551,0,78.2281875610352,151.958251953125,198.601699829102,0.893877565860748,0,0.111836731433868,227.263671875,1
"142_5",568.934968815518,"PGM","142",5,2275.73987526207,91.0295950104829,32235.849609375,1705.45935058594,207.327484130859,0,709.283142089844,0.0563265308737755,0,128.416519165039,151.606384277344,200.427978515625,1,0,0.0163265299052,295.526519775391,1
"147_1",198.925509436709,"PGM","147",1,795.702037746834,31.8280815098734,19835.345703125,2284.6630859375,1183.15979003906,0,971.843566894531,0,0,149.429229736328,150.958251953125,193.776397705078,1,0,0,300,1
"147_11",275.775555468565,"PGM","147",11,1103.10222187426,44.1240888749704,19859.3125,1597.95178222656,91.9884033203125,0,262.128723144531,0.106122449040413,1,149.215225219727,151.615737915039,193.093368530273,0.77142858505249,0,0.00734693882986903,228.925720214844,1
"147_2",395.501566865474,"PGM","147",2,1582.0062674619,63.2802506984758,22826.908203125,2458.14965820312,189.483749389648,0,163.899780273438,0.0857142880558968,0,152.069320678711,151.012069702148,194.298004150391,0.664489805698395,0,0.0653061196208,183.805709838867,1
"147_3",144.643907446083,"PGM","147",3,578.575629784331,23.1430251913732,23975.537109375,893.998352050781,139.41130065918,0,670.160583496094,0.0506122447550297,0,135.404830932617,151.532485961914,193.69010925293,0.999183654785156,14.1111106872559,0.476734697818756,169.374694824219,0.111111111938953
"147_5",107.705162050351,"PGM","147",5,430.820648201406,17.2328259280562,21029.109375,1390.66442871094,384.750213623047,0,290.398864746094,0.102040819823742,0.555555582046509,131.975952148438,151.112976074219,193.816009521484,0.860408186912537,0,0.0448979586362839,250.037551879883,1
"147_7",273.479209330565,"PGM","147",7,1093.91683732226,43.7566734928905,22382.376953125,998.339416503906,1022.52624511719,0,598.265686035156,0.0628571435809135,0,124.722427368164,151.579299926758,193.433242797852,1,0,0.00897959154099226,297.539581298828,1
"147_8",498.257997083908,"PGM","147",8,1993.03198833563,79.7212795334252,20542.736328125,845.163452148438,378.817932128906,0,1393.04809570312,0,0,150,151.802932739258,192.99934387207,1,0,0.0155102042481303,295.750213623047,1
"152_3",365.995875676693,"PGM","152",3,1463.98350270677,58.5593401082708,67744.796875,893.998596191406,235.148849487305,0,0,0,0,70,150.724884033203,196.448669433594,0.0530612245202065,1.44444441795349,0.153469383716583,17.4465312957764,0.444444447755814
"157_1",511.533361388279,"STM","157",1,2046.13344555312,81.8453378221247,50204.34765625,1317.26037597656,319.946716308594,0,193.699325561523,0.137959182262421,0.333333343267441,152.523452758789,161.787826538086,192.974807739258,0.896326541900635,0,0.208979591727257,232.517547607422,1
"157_2",511.905769546766,"STM","157",2,2047.62307818706,81.9049231274825,49694.65234375,1097.85632324219,611.802429199219,1,104.872619628906,0.311020404100418,0,134.942367553711,161.982986450195,192.812713623047,0.902040839195251,0,0.266938775777817,140.749389648438,0
"157_3",209.480907666787,"STM","157",3,837.923630667148,33.5169452266859,48772.47265625,1646.35375976562,1714.42053222656,0,208.196472167969,0.145306125283241,0.666666686534882,147.917449951172,162.202453613281,193.178115844727,0.803265333175659,0,0.0212244894355536,233.590209960938,1
"157_4",648.28570550885,"STM","157",4,2593.1428220354,103.725712881416,47106.046875,516.631774902344,3288.70043945312,0,1179.0009765625,0,0,142.00602722168,162.291656494141,194.756683349609,1,0,0,300,1
"157_5",632.7518778153,"STM","157",5,2531.0075112612,101.240300450448,46715.1953125,1844.11535644531,3351.798828125,0,1943.25634765625,0,0,151.249481201172,162.46760559082,194.725158691406,1,0,0,300,1
"157_6",627.414264071652,"STM","157",6,2509.65705628661,100.386282251464,44358.31640625,1058.96594238281,1749.97473144531,0,778.510131835938,0.0318367332220078,0,109.837867736816,162.746475219727,196.626083374023,1,0,0.165714278817177,254.594284057617,1
"157_8",214.146792450919,"STM","157",8,856.587169803677,34.2634867921471,44638.64453125,98.5361404418945,1129.86169433594,0,344.590118408203,0.244897961616516,0,106.048759460449,162.584808349609,196.68994140625,0.894693851470947,0,0.11591836810112,246.770614624023,1
"160_10",861.2150039883,"STM","160",10,3444.8600159532,137.794400638128,45425.9296875,2859.0869140625,1855.65515136719,0,620.698608398438,0.0653061196208,0,192.79963684082,167.957748413086,193.047256469727,1,0,0,300,1
"160_11",85.2321580186096,"STM","160",11,340.928632074438,13.6371452829775,41883.54296875,60.096435546875,318.39501953125,0,29.5515518188477,0,0,123.596870422363,167.311737060547,196.425964355469,0.125714287161827,2.11111116409302,0.108571425080299,19.2310199737549,0.666666686534882
"160_5",327.387900031201,"STM","160",5,1309.55160012481,52.3820640049922,39736.5859375,737.917602539062,1929.47912597656,0,124.853713989258,0.154285714030266,0,120.532402038574,167.574951171875,196.984741210938,0.6816326379776,10,0.31510204076767,121.377960205078,0.333333343267441
"160_8",684.610236327648,"STM","160",8,2738.44094531059,109.537637812424,40802.9921875,1181.34252929688,841.350280761719,0,173.322387695312,0.128163263201714,0.111111111938953,132.500076293945,167.455963134766,196.669219970703,0.700408160686493,0,0.0285714287310839,203.281631469727,1
"160_9",623.369384035067,"STM","160",9,2493.47753614027,99.7391014456107,42197.20703125,54.542293548584,280.924224853516,0,110.888771057129,0.0881632640957832,0,136.505020141602,167.432571411133,195.937103271484,0.533877551555634,0,0.0587755106389523,148.380401611328,1
"165_1",353.161766682169,"STM","165",1,1412.64706672868,56.5058826691471,54182.93359375,966.105102539062,551.143005371094,0,317.815093994141,0.274285703897476,0.222222223877907,52.6893882751465,168.51789855957,186.021865844727,0.933061242103577,0,0.0955102071166039,267.217956542969,1
"165_2",464.662640142932,"STM","165",2,1858.65056057173,74.346022422869,55423.83984375,251.858062744141,2862.34155273438,0,58.0225028991699,0.203265309333801,0,75.2655868530273,168.221527099609,186.639770507812,0.960816323757172,0.555555582046509,0.0742857158184052,279.645721435547,0.888888895511627
"165_3",108.858455075451,"STM","165",3,435.433820301804,17.4173528120722,54900.87109375,201.339111328125,1963.40490722656,0,740.721801757812,0.035918366163969,0,65.5366516113281,168.327621459961,186.531341552734,0.999183654785156,0,0.000816326530184597,299.085723876953,1
"165_4",557.942900549621,"STM","165",4,2231.77160219849,89.2708640879394,52932.39453125,1785.12329101562,2043.06994628906,0,829.075317382812,0.000816326530184597,0,126.15518951416,168.728134155273,186.485336303711,1,0,0.0440816320478916,287.000823974609,1
"165_5",2014.6023948454,"STM","165",5,8058.40957938158,322.336383175263,53509.35546875,1201.86743164062,1984.84680175781,0,460.422180175781,0.145306125283241,0,156.203598022461,168.603164672852,186.583892822266,0.990204095840454,0,0.0277551021426916,286.175506591797,1
"165_6",366.531447483988,"STM","165",6,1466.12578993595,58.6450315974381,55452.9453125,246.770004272461,141.207443237305,0,137.127731323242,0.239183679223061,0,41.7230644226074,168.245651245117,186.060150146484,0.906122446060181,16.6666660308838,0.19918367266655,218.484893798828,0.333333343267441
"165_7",251.13077218698,"STM","165",7,1004.52308874792,40.1809235499167,55428.16796875,402.298645019531,1212.80627441406,0.666666686534882,394.2490234375,0.208979591727257,0,57.6821517944336,168.233169555664,186.293548583984,0.991836726665497,0,0.0440816320478916,249.820404052734,0.333333343267441
"199_3",720.85989516764,"STM","199",3,2883.43958067056,115.337583226822,46774.8125,764.654968261719,428.895660400391,0,278.659820556641,0.12326530367136,0.888888895511627,112.023941040039,166.827835083008,195.163131713867,0.751836717128754,0,0.168979585170746,168.745300292969,1
"199_6",137.296292737181,"STM","199",6,549.185170948722,21.9674068379489,49734.65234375,823.622924804688,107.059066772461,0,37.9949073791504,0.0824489817023277,0,85.6206970214844,166.026840209961,196.994689941406,0.457142859697342,3,0.297142863273621,80.1657180786133,0.111111111938953
"202_1",286.412903175707,"PGM","202",1,1145.65161270283,45.8260645081131,5520.3173828125,1632.44982910156,842.268859863281,0,271.155212402344,0.164081633090973,0.777777791023254,149.716125488281,148.549255371094,204.208251953125,0.866938769817352,0,0.174693882465363,166.797546386719,1
"202_13",46.7226282818056,"PGM","202",13,186.890513127222,7.4756205250889,8482.60546875,2484.376953125,840.969970703125,0.777777791023254,173.833251953125,0.121632650494576,0.333333343267441,142.984329223633,144.564849853516,206.40087890625,0.625306129455566,3.55555558204651,0.0775510221719742,21.2946929931641,0
"235_1",216.432458362224,"PGM","235",1,865.729833448896,34.6291933379558,11108.072265625,1267.638671875,213.71826171875,0,86.1797714233398,0,0,148.240707397461,136.635330200195,201.252532958984,0.265306115150452,0,0.0318367332220078,64.9714279174805,1
"236_2",198.279178436892,"STM","236",2,793.116713747567,31.7246685499027,54958.390625,2335.69067382812,741.841918945312,0,399.660705566406,0.125714287161827,0,115.701629638672,163.968292236328,193.619064331055,0.834285736083984,0,0.011428571306169,212.321640014648,1
"236_3",629.775231035929,"STM","236",3,2519.10092414372,100.764036965749,54792.140625,887.352844238281,904.367370605469,0,213.703475952148,0.200816333293915,0.666666686534882,75.9527816772461,164.3076171875,193.865127563477,0.570612251758575,0,0.0457142852246761,155.014694213867,1
"236_5",537.056027402206,"STM","236",5,2148.22410960882,85.9289643843529,57757.80078125,606.221740722656,677.556457519531,0,198.404907226562,0.146122455596924,0.333333343267441,67.757194519043,163.876342773438,193.049179077148,0.653061211109161,0,0.0465306118130684,184.101226806641,1
"236_6",779.652701750801,"STM","236",6,3118.61080700321,124.744432280128,59332.671875,2224.1162109375,141.525146484375,0,191.939498901367,0.153469383716583,0.333333343267441,114.568740844727,164.032516479492,193.318557739258,0.883265316486359,0,0.00163265306036919,265.085723876953,1
"236_7",273.869659737802,"STM","236",7,1095.47863895121,43.8191455580483,56378.23828125,1415.85424804688,1754.51501464844,0,327.813995361328,0.119999997317791,0.222222223877907,82.6836776733398,163.770660400391,193.247467041016,0.988571405410767,0,0.0187755096703768,290.476745605469,1
"245_11",62.490198226558,"PGM","245",11,249.960792906232,9.99843171624928,56600.91796875,1989.17797851562,551.995056152344,0,247.144424438477,0.113469384610653,1,188.304992675781,141.201232910156,194.840515136719,0.881632626056671,4.88888883590698,0.125714287161827,237.47509765625,0.777777791023254
"245_2",263.043734146189,"PGM","245",2,1052.17493658476,42.0869974633903,59479.71484375,1423.54846191406,1432.53149414062,0,1692.275390625,0,0,100,141.729156494141,194.981414794922,1,0,0.0138775510713458,296.197540283203,1
"245_4",450.407541904209,"PGM","245",4,1801.63016761684,72.0652067046734,59949.515625,99.3335266113281,2659.37426757812,0,137.618377685547,0.16326530277729,0,87.1048965454102,141.451431274414,195.75032043457,0.98938775062561,0,0.0775510221719742,278.751007080078,1
"245_5",197.601974668548,"PGM","245",5,790.407898674193,31.6163159469677,60475.27734375,1404.93530273438,638.083190917969,0,734.90185546875,0.0571428574621677,0,99.8834228515625,142.193130493164,194.472259521484,1,0,0.00897959154099226,297.539581298828,1
"245_6",468.905310254239,"PGM","245",6,1875.62124101695,75.0248496406782,54777.60546875,1772.12231445312,234.52604675293,0,489.493041992188,0.171428576111794,0,210,141.025115966797,194.662460327148,0.995102047920227,0,0.117551021277905,263.611419677734,1
"245_7",73.8098010980592,"PGM","245",7,295.239204392237,11.8095681756895,61250.5703125,1201.32531738281,1750.28259277344,0,48.3800048828125,0.317551016807556,0,86.9198837280273,141.375503540039,196.37614440918,0.973061203956604,14.8888893127441,0.622040808200836,121.136329650879,0.222222223877907
"245_8",596.302124733622,"PGM","245",8,2385.20849893449,95.4083399573796,61200.25390625,281.692749023438,1426.02941894531,0,536.550170898438,0.109387755393982,0,90,141.895782470703,195.342727661133,0.963265299797058,2.66666674613953,0.0987755134701729,264.597564697266,0.777777791023254
"245_9",744.279722562771,"PGM","245",9,2977.11889025108,119.084755610043,59884.984375,1192.00244140625,1288.77233886719,0,336.357635498047,0.233469381928444,0.111111111938953,90,141.102432250977,196.448089599609,0.987755119800568,0,0.281632661819458,215.451431274414,1
"260_1",285.125011545603,"STM","260",1,1140.50004618241,45.6200018472964,64691.7265625,389.9580078125,164.087036132812,0,218.978256225586,0.108571425080299,0.777777791023254,117.81477355957,165.237350463867,193.806350708008,0.721632659435272,0,0.00489795906469226,215.502044677734,1
"260_3",148.678704645546,"STM","260",3,594.714818582183,23.7885927432873,66918.0625,1440.0576171875,183.353179931641,0,86.4040069580078,0.0906122475862503,0,121.524543762207,165.104553222656,191.997283935547,0.357551008462906,0,0.00653061224147677,107.435104370117,1
"260_4",412.927366326996,"STM","260",4,1651.70946530798,66.0683786123193,65276.08984375,1997.63757324219,2416.59521484375,0,444.386199951172,0.109387755393982,0,106.22241973877,164.754348754883,193.027389526367,0.944489777088165,0,0.00489795906469226,272.575500488281,1
"260_5",80.994409880784,"STM","260",5,323.977639523136,12.9591055809254,62162.5625,1727.15234375,486.674682617188,0,0,0.0840816348791122,0,100.776992797852,165.248748779297,196.029968261719,0.46367347240448,2.11111116409302,0.0391836725175381,138.208160400391,0.555555582046509
"260_6",166.821332174988,"STM","260",6,667.285328699952,26.6914131479981,63805.19140625,497.182678222656,406.20361328125,0,136.582794189453,0.128979593515396,0,81.9916305541992,165.091003417969,194.533432006836,0.583673477172852,0,0.00734693882986903,173.146118164062,1
"261_1",595.55627923825,"STM","261",1,2382.225116953,95.28900467812,71459,1243.08471679688,3200.41064453125,0,195.942504882812,0.204081639647484,0.444444447755814,147.045852661133,165.327667236328,189.430557250977,0.976326525211334,0,0.011428571306169,292.460418701172,1
"261_10",812.486131307841,"STM","261",10,3249.94452523137,129.997781009255,71305.0859375,138.845962524414,8287.443359375,0,2335.20751953125,0,0,153.221542358398,166.45344543457,188.913497924805,1,0,0.0081632649526,295.691436767578,1
"261_11",752.232381142917,"STM","261",11,3008.92952457167,120.357180982867,74393.234375,1462.9306640625,6661.72802734375,0,4184.34765625,0,0,151.174606323242,166.138809204102,188.544281005859,1,0,0,300,1
"261_12",766.661750241301,"STM","261",12,3066.6470009652,122.665880038608,68381.0546875,1782.23950195312,6635.982421875,0,4979.5849609375,0,0,189.800079345703,166.31608581543,190.244476318359,1,0,0,300,1
"261_2",748.511868500406,"STM","261",2,2994.04747400162,119.761898960065,73376.4140625,621.680603027344,5329.40283203125,0,2234.1298828125,0,0,131.733367919922,165.714340209961,188.868209838867,1,0,0,300,1
"261_3",739.13933979612,"STM","261",3,2956.55735918448,118.262294367379,69430.6484375,2882.1298828125,3610.01000976562,0,2674.982421875,0,0,185.940948486328,165.709014892578,190.566650390625,1,0,0,300,1
"261_4",685.168265386032,"STM","261",4,2740.67306154413,109.626922461765,68082.3203125,2889.39208984375,4030.93334960938,0,4104.51025390625,0,0,187.479064941406,165.972091674805,191.166244506836,1,0,0,300,1
"261_5",751.933002773999,"STM","261",5,3007.732011096,120.30928044384,67559.90625,2664.60815429688,4628.70556640625,0,4638.6669921875,0,0,188.023376464844,166.111267089844,191.25537109375,1,0,0,300,1
"261_6",1251.93086052127,"STM","261",6,5007.72344208507,200.308937683403,69405.8515625,1398.22204589844,6031.83837890625,0,4675.44140625,0,0,179.160583496094,166.181564331055,190.073684692383,1,0,0,300,1
"261_7",960.915243130483,"STM","261",7,3843.66097252193,153.746438900877,66544.09375,1578.74340820312,4931.24560546875,0,4910.435546875,0,0,190.444381713867,166.235763549805,191.597900390625,1,0,0,300,1
"261_8",497.086762748573,"STM","261",8,1988.34705099429,79.5338820397716,72628.8359375,1106.70129394531,9046.4140625,0,1456.88427734375,0,0,167.850021362305,166.574188232422,188.440170288086,1,0,0,300,1
"261_9",653.873965305121,"STM","261",9,2615.49586122048,104.619834448819,73929.828125,548.449829101562,8930.755859375,0,1705.56909179688,0,0,146.03125,166.676773071289,188.105331420898,1,0,0,300,1
"269_1",144.696047617205,"PGM","269",1,578.784190468821,23.1513676187528,33842.66796875,1889.97827148438,163.943756103516,1,147.24348449707,0.169795915484428,0,149.987991333008,134.739303588867,197.07795715332,0.742040812969208,0,0.222040817141533,91.2726516723633,0
"269_10",236.706094234026,"PGM","269",10,946.824376936102,37.8729750774441,39479.15625,1493.34692382812,195.888702392578,0,773.393981933594,0.0530612245202065,0,159.601135253906,133.692306518555,197.245666503906,1,0,0,300,1
"269_11",171.416359359898,"PGM","269",11,685.665437439592,27.4266174975837,38029.83203125,2265.96118164062,2425.87744140625,0,1557.15649414062,0,0,162.98420715332,132.922790527344,197.482330322266,1,0,0.0473469384014606,261.936340332031,1
"269_4",186.206098969869,"PGM","269",4,744.824395879478,29.7929758351791,38223.89453125,1920.283203125,1628.935546875,0,944.549743652344,0.00653061224147677,0,160,133.574234008789,197.356430053711,1,0,0.0220408160239458,277.359985351562,1
"269_7",439.975263408763,"PGM","269",7,1759.90105363505,70.3960421454021,36176.91796875,358.718933105469,2181.7412109375,0.666666686534882,519.442626953125,0.0734693855047226,0,113.97119140625,133.533569335938,197.459167480469,0.994285702705383,0,0.134693875908852,142.388565063477,0.333333343267441
"274_1",172.39079736396,"PGM","274",1,689.563189455838,27.5825275782335,22607.728515625,399.378295898438,682.404113769531,0.777777791023254,271.930511474609,0.103673473000526,0.888888895511627,157.082748413086,133.838714599609,200.506622314453,0.728979587554932,0,0.186122447252274,98.357551574707,0.222222223877907
"274_2",156.136902269447,"PGM","274",2,624.547609077788,24.9819043631115,25486.283203125,998.419494628906,182.468765258789,1,164.739196777344,0.0995918363332748,0,189.500030517578,133.657409667969,201.210357666016,0.562448978424072,0,0.0587755106389523,78.5828552246094,0
"274_3",1056.38377531052,"PGM","274",3,4225.53510124208,169.021404049683,28610.951171875,2640.91162109375,439.781524658203,0,213.567642211914,0.0873469412326813,0.666666686534882,190,133.174499511719,201.956436157227,0.687346935272217,7.55555534362793,0.0571428574621677,191.771423339844,0.555555582046509
"274_5",356.468150359748,"PGM","274",5,1425.87260143899,57.0349040575597,25645.033203125,2296.36889648438,236.448654174805,0,464.796875,0.107755102217197,0,180,133.820022583008,201.826248168945,0.994285702705383,0,0.106122449040413,193.255508422852,1
"274_6",79.4213933372834,"PGM","274",6,317.685573349134,12.7074229339653,24600.34765625,2783.13623046875,370.313049316406,1,415.406188964844,0.110204078257084,0,190,133.625152587891,200.234024047852,0.91346937417984,0,0.0840816348791122,121.405715942383,0
"274_7",140.855552546477,"PGM","274",7,563.422210185909,22.5368884074363,26997.373046875,1013.20892333984,297.703430175781,0,304.514038085938,0.0857142880558968,0.333333343267441,176.470825195312,133.646896362305,201.893798828125,0.770612239837646,0,0.0351020395755768,210.419586181641,1
"307_1",455.400702269464,"STM","307",1,1821.60280907786,72.8641123631142,80420.78125,818.167663574219,334.538909912109,0,1391.1630859375,0,0,113.644371032715,162.82356262207,191.044570922852,1,0,0.00653061224147677,298.210601806641,1
"307_2",481.318085221445,"STM","307",2,1925.27234088578,77.0108936354311,80401.5,400.36669921875,293.166717529297,0,292.259246826172,0.135510206222534,0.666666686534882,120.615776062012,163.167541503906,191.18733215332,0.880816340446472,0,0.0848979577422142,244.640823364258,1
"307_3",146.467144785701,"STM","307",3,585.868579142806,23.4347431657122,77131.3515625,1416.91467285156,2369.22290039062,0,581.101196289062,0.0865306109189987,0,151.701416015625,163.467834472656,191.084350585938,1,0,0,243.810607910156,1
"307_5",324.585606583365,"STM","307",5,1298.34242633346,51.9336970533384,81466.890625,930.70166015625,230.724090576172,0,230.724090576172,0.12326530367136,0.888888895511627,133.090667724609,163.387649536133,191.354797363281,0.775510191917419,0,0.00163265306036919,230.571426391602,1
"307_6",209.216291778885,"STM","307",6,836.865167115539,33.4746066846216,82773.7109375,1574.24206542969,438.150634765625,0,551.725769042969,0.0865306109189987,0,155.830062866211,163.780059814453,191.83984375,0.999183654785156,0,0.11591836810112,267.993469238281,1
"307_7",822.213574143868,"STM","307",7,3288.85429657547,131.554171863019,78504.5078125,521.501281738281,840.846740722656,0,649.026428222656,0.0644897967576981,0,102.271377563477,162.887573242188,191.105895996094,0.998367369174957,0,0.00244897953234613,299.084075927734,1
"315_1",286.905390404716,"PGM","315",1,1147.62156161886,45.9048624647545,39789.15234375,422.497955322266,783.576354980469,1,263.23486328125,0.149387761950493,1,110.0380859375,130.381713867188,197.009811401367,0.670204102993011,0,0.0522448979318142,113.743675231934,0
"315_11",86.0176624221886,"PGM","315",11,344.070649688754,13.7628259875502,40047.71484375,2054.02490234375,1988.837890625,0.555555582046509,1.73834323883057,0.0220408160239458,0,180.218444824219,130.668731689453,196.261703491211,0.489795923233032,1.44444441795349,0.238367348909378,4.7444896697998,0
"315_3",217.758327820214,"PGM","315",3,871.033311280854,34.8413324512342,38490.08203125,1798.8115234375,861.563842773438,0,92.5302429199219,0.124897956848145,0,120,131.335998535156,196.671447753906,0.677551031112671,0,0.22122448682785,143.540405273438,1
"315_4",368.923553284321,"PGM","315",4,1475.69421313729,59.0277685254914,38697.47265625,985.837341308594,891.6650390625,0,26.0751457214355,0.0987755134701729,0,110.207191467285,130.941375732422,197.174560546875,0.618775486946106,9.55555534362793,0.115102037787437,102.29061126709,0.333333343267441
"342_1",353.095389873961,"PGM","342",1,1412.38155949584,56.4952623798337,98449.2578125,777.422424316406,1986.95056152344,0,542.871948242188,0.068571425974369,0,77.5541915893555,143.726928710938,192.100662231445,0.999183654785156,0,0.0106122447177768,297.092254638672,1
"342_10",175.431401868678,"PGM","342",10,701.725607474711,28.0690242989885,96117.53125,0,505.188201904297,0,566.081420898438,0.0677551031112671,0,50,143.818496704102,191.915115356445,0.98612242937088,16,0.813877522945404,76.9975509643555,0
"342_12",323.907062264041,"PGM","342",12,1295.62824905616,51.8251299622465,95305.8515625,1408.34118652344,2075.16552734375,0,504.000457763672,0.131428569555283,0,94.0536422729492,143.20068359375,191.993576049805,0.997551023960114,23.4444446563721,0.488163262605667,166.243270874023,0
"342_3",148.392283280437,"PGM","342",3,593.569133121748,23.7427653248699,98727.890625,1697.18627929688,2377.07348632812,0,130.068176269531,0.217142850160599,0,118.444732666016,144.259216308594,191.979232788086,0.972244918346405,0,0.0351020395755768,290.382049560547,1
"342_4",173.366120870353,"PGM","342",4,693.464483481413,27.7385793392565,92356.8125,2464.15576171875,131.25569152832,0,637.566040039062,0.100408166646957,0,92.3706283569336,143.61051940918,192.198577880859,1,7.11111116409302,0.0179591830819845,295.079193115234,0.555555582046509
"342_5",491.368069796237,"PGM","342",5,1965.47227918495,78.618891167398,91888.6171875,2196.44702148438,186.607604980469,0,245.819107055664,0.306938767433167,1,109.753974914551,144.092361450195,192.109832763672,0.986938774585724,0,0.0293877553194761,291.94775390625,1
"342_6",329.779544009553,"PGM","342",6,1319.11817603821,52.7647270415285,93426.8828125,399.355804443359,1923.97180175781,0,291.474304199219,0.172244891524315,0.555555582046509,67.4215774536133,144.526382446289,191.727905273438,0.990204095840454,0,0.011428571306169,296.868560791016,1
"342_7",72.1752309721716,"PGM","342",7,288.700923888687,11.5480369555475,100053.8671875,1996.669921875,1039.55493164062,0,1085.31420898438,0,0,120,144.402954101562,192.082290649414,1,0,0,300,1
"342_9",622.115321430857,"PGM","342",9,2488.46128572343,99.538451428937,96577.640625,1490.00708007812,177.678405761719,0,143.576141357422,0.174693882465363,0,92.4418563842773,144.773315429688,191.667327880859,0.986938774585724,0,0.426122456789017,183.224487304688,1
"357_1",480.335660658226,"STM","357",1,1921.3426426329,76.8537057053161,95051.0546875,1202.6435546875,1119.98181152344,1,279.512817382812,0.208163261413574,0.666666686534882,124.699485778809,164.113647460938,192.742599487305,0.962448954582214,0,0.0212244894355536,75.1436767578125,0
"357_2",211.288321395288,"STM","357",2,845.153285581151,33.806131423246,97399.7265625,2126.90161132812,879.104919433594,1,134.776901245117,0.111020408570766,0,148.817718505859,164.567749023438,194.154922485352,0.586938798427582,0,0.194285720586777,89.5093841552734,0
"357_5",346.340120574737,"STM","357",5,1385.36048229895,55.4144192919578,92342.828125,673.504699707031,730.031066894531,0,133.499572753906,0.0081632649526,0,110.434593200684,164.199432373047,192.514663696289,0.485714286565781,0,0.326530605554581,71.7191848754883,1
"358_11",211.288321395288,"PGM","358",11,845.153285581151,33.806131423246,35349.68359375,1162.73974609375,988.380432128906,0,24.9593296051025,0.136326536536217,0,144.695022583008,132.319442749023,196.002136230469,0.675102055072784,7.22222232818604,0.361632645130157,24.7240810394287,0
"358_4",460.031109933936,"PGM","358",4,1840.12443973575,73.6049775894298,33924.91796875,2257.06518554688,232.276290893555,0,1299.00012207031,0,0,200.856094360352,133.004379272461,194.650512695312,1,0,0.0383673459291458,289.487335205078,1
"358_5",162.924738943302,"PGM","358",5,651.698955773207,26.0679582309283,34369.25,2977.60302734375,61.9526252746582,0,1450.59838867188,0,0,210,132.342880249023,196.243789672852,1,0,0.0857142880558968,276.514282226562,1
"363_1",1287.16393205597,"STM","363",1,5148.65572822388,205.946229128955,98083.0859375,1688.78857421875,1494.68249511719,0,1483.958984375,0,0,178.375244140625,165.166030883789,195.708343505859,1,0,0,290.360809326172,1
"363_2",270.109219543178,"STM","363",2,1080.43687817271,43.2174751269085,96449.3359375,1936.30554199219,1632.72241210938,0,1414.41455078125,0,0,147.915237426758,165.215667724609,195.776611328125,1,0,0,300,1
"363_3",73.2282270794213,"STM","363",3,292.912908317685,11.7165163327074,97958.765625,841.23583984375,2758.64916992188,0,2588.60400390625,0,0,145.98600769043,165.236785888672,195.174911499023,1,0,0,300,1
"363_4",171.73965318454,"STM","363",4,686.95861273816,27.4783445095264,103840.5859375,406.377624511719,4847.5283203125,0,2650.73291015625,0,0,193.551712036133,165.252166748047,193.312210083008,1,0,0,300,1
"363_5",732.233511569308,"STM","363",5,2928.93404627723,117.157361851089,102916.5390625,763.2587890625,5924.5546875,0,4371.16796875,0,0,177.955490112305,165.338150024414,192.876617431641,1,0,0,300,1
"363_6",435.932587064566,"STM","363",6,1743.73034825826,69.7492139303305,101920.7421875,410.161041259766,2883.66357421875,0,2297.74340820312,0,0,170.066452026367,165.147613525391,194.754058837891,1,0,0,300,1
"363_7",384.14342612452,"STM","363",7,1536.57370449808,61.4629481799231,100369.9375,384.422180175781,2920.94750976562,0,2870.86791992188,0,0,160.300201416016,165.195220947266,194.809448242188,1,0,0,300,1
"363_8",1477.47533840085,"STM","363",8,5909.90135360342,236.396054144137,101732.7265625,1068.42004394531,4472.51171875,0,3881.53515625,0,0,187.289520263672,165.26301574707,193.84977722168,1,0,0,300,1
"369_1",114.939563456659,"PGM","369",1,459.758253826634,18.3903301530654,61620.0625,2595.6357421875,603.089416503906,0.444444447755814,106.33097076416,0.128979593515396,0,160,130.084533691406,193.430694580078,0.741224467754364,5.33333349227905,0.727346956729889,18,0
"369_10",213.571020451626,"PGM","369",10,854.284081806504,34.1713632722602,64537.5078125,496.669952392578,687.756469726562,0,773.67626953125,0.0310204084962606,0,109.257026672363,130.080093383789,193.417053222656,1,0,0.011428571306169,294.566528320312,1
"369_5",205.688140958876,"PGM","369",5,822.752563835505,32.9101025534202,61760.703125,1500.75073242188,262.311798095703,0,4.96669816970825,0.0881632640957832,0,160,129.350601196289,193.04997253418,0.687346935272217,7.77777767181396,0.684081614017487,82.9289779663086,0
"369_6",127.71703816259,"PGM","369",6,510.868152650359,20.4347261060143,63018.109375,1864.33508300781,138.472412109375,0.888888895511627,274.536163330078,0.16326530277729,0.666666686534882,150.235336303711,129.934967041016,193.392242431641,0.897959172725677,1.44444441795349,0.682448983192444,18,0
"369_7",153.733128992592,"PGM","369",7,614.932515970369,24.5973006388148,62064.984375,1971.60534667969,141.874542236328,0,970.10107421875,0.00326530612073839,0,170,130.690399169922,192.92155456543,1,0,0.0179591830819845,293.960815429688,1
"369_8",114.622228054811,"PGM","369",8,458.488912219243,18.3395564887697,61470.22265625,1394.25415039062,195.650161743164,0,803.529663085938,0.0416326522827148,0,169.745452880859,129.699111938477,192.857025146484,1,0,0.0040816324763,298.210601806641,1
"399_10",328.795568957147,"STM","399",10,1315.18227582859,52.6072910331435,112731.28125,1332.57653808594,1045.11462402344,0,200.889175415039,0.121632650494576,0.555555582046509,141.824645996094,162.552947998047,191.031753540039,0.682448983192444,0,0.266122460365295,179.299591064453,1
"399_3",1636.15353921657,"STM","399",3,6544.6141568663,261.784566274652,116844.4609375,1057.02893066406,2024.00830078125,0,290.924163818359,0.133061230182648,0.666666686534882,114.052864074707,162.977615356445,191.298477172852,0.944489777088165,0,0.0751020386815071,265.195922851562,1
"399_5",1381.90126302945,"STM","399",5,5527.60505211779,221.104202084712,109557.5390625,1931.54553222656,879.859619140625,0,243.709732055664,0.160816326737404,1,151.3330078125,162.589660644531,191.06755065918,0.78204083442688,0,0,224.343673706055,1
"399_6",272.939407308997,"STM","399",6,1091.75762923599,43.6703051694395,114323.4609375,48.1771011352539,851.452575683594,0,70.4495468139648,0.178775504231453,0,91.4830703735352,163.565673828125,191.215057373047,0.812244892120361,0,0.21387754380703,199.248168945312,1
"399_7",330.206373779635,"STM","399",7,1320.82549511854,52.8330198047416,109375.1953125,677.7255859375,762.095153808594,0,101.418952941895,0.223673462867737,0,139.571563720703,163.70703125,191.342315673828,0.955102026462555,0,0.175510197877884,242.155914306641,1
"399_9",322.3677921395,"STM","399",9,1289.471168558,51.5788467423201,111579.0078125,2090.29956054688,611.446960449219,0,209.546966552734,0.14122448861599,0.666666686534882,151.369277954102,164.233215332031,190.966796875,0.728163242340088,0,0.054693877696991,217.529800415039,1
"423_1",67.6054629833589,"PGM","423",1,270.421851933436,10.8168740773374,52231.9609375,1292.27868652344,202.638717651367,0.333333343267441,11.1750984191895,0,0,112.70677947998,128.597732543945,196.181381225586,0.301224499940872,1.22222220897675,0.506938755512238,52.8065299987793,0
"423_5",298.291176448893,"PGM","423",5,1193.16470579557,47.7265882318228,52890.58203125,1479.97131347656,142.842819213867,0,0,0,0,146.288833618164,129.730728149414,196.372497558594,0.162448972463608,0.555555582046509,0.484897971153259,29.7061233520508,0.666666686534882
"423_6",177.119149507797,"PGM","423",6,708.476598031188,28.3390639212475,51955.35546875,1788.01550292969,400.378723144531,0.555555582046509,0,0.117551021277905,0,128.262817382812,128.261016845703,196.080200195312,0.553469359874725,0.666666686534882,0.303673475980759,7.8938775062561,0
"423_7",626.324607991359,"PGM","423",7,2505.29843196544,100.211937278617,57430.8515625,2026.408203125,112.322135925293,0,218.777359008789,0.166530609130859,0.777777791023254,198.623062133789,136.44287109375,196.568405151367,0.907755076885223,0,0.0922449007630348,202.603271484375,1
"443_1",48.5930355547248,"PGM","443",1,194.372142218899,7.77488568875596,57971.7109375,2869.56005859375,168.999603271484,0,159.205490112305,0.152653068304062,0.111111111938953,123.569595336914,128.731262207031,201.358184814453,0.881632626056671,0,0.0971428602933884,52.0244903564453,1
"443_2",68.8628213838322,"PGM","443",2,275.451285535329,11.0180514214131,56832.38671875,2129.68896484375,251.062438964844,0,233.435256958008,0.112653061747551,1,130.468475341797,128.449356079102,201.475051879883,0.723265290260315,0,0.00244897953234613,214.971435546875,1
"443_4",307.828647234293,"PGM","443",4,1231.31458893717,49.2525835574868,59601.8828125,1620.65075683594,114.17529296875,0,141.29655456543,0.0889795944094658,0,120.053840637207,127.927551269531,200.988510131836,0.400816321372986,0,0.0277551021426916,94.4040832519531,1
"44_1",102.786179565167,"PGM","44",1,411.144718260666,16.4457887304267,60922.9453125,1837.58715820312,188.479110717773,0,94.1454544067383,0.0775510221719742,0,180,154.060638427734,193.954299926758,0.395918369293213,0,0.0155102042481303,54.7379608154297,1
"44_2",136.888339022437,"PGM","44",2,547.553356089747,21.9021342435899,63681.43359375,1736.36560058594,342.270172119141,0,33.5247344970703,0.134693875908852,0,159.887512207031,155.650573730469,199.113952636719,0.655510187149048,0.444444447755814,0.0832653045654297,192.269393920898,0.888888895511627
"44_4",46.7226282818056,"PGM","44",4,186.890513127222,7.4756205250889,65734.3671875,1885.7822265625,563.556335449219,0.111111111938953,54.8978500366211,0.11591836810112,0,119.992431640625,154.690353393555,197.371673583984,0.680000007152557,0,0.00897959154099226,99.3077545166016,0.666666686534882
"44_5",244.085862886227,"PGM","44",5,976.343451544906,39.0537380617963,65450.3046875,918.025695800781,198.6416015625,0,51.9012489318848,0.00326530612073839,0,119.120208740234,155.479187011719,199.893341064453,0.303673475980759,0,0.0228571426123381,89.3142852783203,0.666666686534882
"44_6",484.868283043707,"PGM","44",6,1939.47313217483,77.578925286993,62777.328125,699.285583496094,120.641746520996,0,88.1576919555664,0,0,124.808670043945,154.581130981445,196.578460693359,0.193469390273094,0,0.0285714287310839,38.5885696411133,1
"547_1",212.251377174317,"PGM","547",1,849.005508697267,33.9602203478907,110143.9296875,299.37109375,361.893127441406,0,117.075393676758,0.14857143163681,0,130.599609375,137.100112915039,198.404357910156,0.730612218379974,0,0.133061230182648,153.47673034668,1
"547_2",116.567057432797,"PGM","547",2,466.268229731186,18.6507291892474,111790.75,3237.03051757812,21.782543182373,0,58.564567565918,0.204897955060005,0,172.997116088867,137.378402709961,198.050354003906,0.844897985458374,0,0.0277551021426916,248.089797973633,0.888888895511627
"547_5",297.936525723484,"PGM","547",5,1191.74610289393,47.6698441157574,110641.0703125,2782.69409179688,258.138580322266,0,364.703094482422,0.118367344141006,0,183.343963623047,137.487167358398,197.2470703125,0.984489798545837,0,0.0146938776597381,252.481628417969,1
"549_1",1121.14192980489,"PGM","549",1,4484.56771921955,179.382708768782,157398.015625,1339.11828613281,6203.42041015625,0,1458.50634765625,0,0,100,142.259948730469,191.337951660156,1,0,0,300,1
"549_10",425.59423348422,"PGM","549",10,1702.37693393688,68.0950773574752,155763.171875,844.795715332031,4905.88037109375,0,3123.4580078125,0,0,100.217903137207,142.454315185547,191.347732543945,1,0,0,300,1
"549_11",206.513259357535,"PGM","549",11,826.053037430139,33.0421214972056,155425.984375,1496.82348632812,3030.65307617188,0,4005.005859375,0,0,139.947052001953,142.756652832031,191.244415283203,1,0,0,300,1
"549_12",696.036342958785,"PGM","549",12,2784.14537183514,111.365814873406,151293.375,637.823486328125,1231.45520019531,0,5543.47998046875,0,0,113.965660095215,142.939193725586,191.33122253418,1,0,0,300,1
"549_2",353.383933178588,"PGM","549",2,1413.53573271435,56.5414293085741,154215.0625,2019.4091796875,4395.49658203125,0,3811.5576171875,0,0,113.800155639648,142.587463378906,191.365646362305,1,0,0,300,1
"549_3",507.961074245636,"PGM","549",3,2031.84429698254,81.2737718793017,150514.1875,1422.54382324219,305.408752441406,0,3710.40283203125,0,0,114.419555664062,143.121841430664,191.306838989258,1,0,0,300,1
"549_4",1397.08707819827,"PGM","549",4,5588.34831279307,223.533932511723,153740.375,1297.25231933594,1409.50512695312,0,5345.62890625,0,0,145.473480224609,142.921356201172,191.237976074219,1,0,0,300,1
"549_5",569.743016957407,"PGM","549",5,2278.97206782963,91.1588827131851,155203.609375,1267.20532226562,3022.46850585938,0,4680.56396484375,0,0,113.567268371582,142.607864379883,191.333374023438,1,0,0,300,1
"549_6",1167.81582442468,"PGM","549",6,4671.2632976987,186.850531907948,149877.65625,1672.08154296875,369.083984375,0,4928.47265625,0,0,133.854141235352,143.073791503906,191.346939086914,1,0,0,300,1
"549_7",1567.97477016859,"PGM","549",7,6271.89908067434,250.875963226974,155389.484375,1958.12805175781,5790.61328125,0,2431.63452148438,0,0,106.261726379395,142.439849853516,191.373519897461,1,0,0,300,1
"549_8",1440.00692659588,"PGM","549",8,5760.02770638352,230.401108255341,152025,498.944732666016,577.496704101562,0,4334.458984375,0,0,100,143.025360107422,191.271347045898,1,0,0,300,1
"549_9",591.8683126224,"PGM","549",9,2367.4732504896,94.698930019584,154258.546875,2048.39282226562,1945.20666503906,0,5038.685546875,0,0,160,143.123550415039,191.100219726562,1,0,0,300,1
"69_8",970.811425801363,"STM","69",8,3883.24570320545,155.329828128218,7632.3876953125,1973.83911132812,303.697570800781,0,134.870880126953,0.102857142686844,0,126.966842651367,166.07502746582,210.50227355957,0.520816326141357,0,0.0326530598104,151.216323852539,1
"81_11",41.292850225082,"STM","81",11,165.171400900328,6.60685603601312,31057.49609375,1410.73449707031,1203.72387695312,0,221.256896972656,0.191020414233208,0.777777791023254,132.531555175781,164.642562866211,195.754257202148,0.748571455478668,0,0.434285700321198,106.831840515137,1
"81_15",565.907768076745,"STM","81",15,2263.63107230698,90.5452428922793,34680.953125,1198.83227539062,1311.49963378906,0,407.807159423828,0.111836731433868,0,138.723526000977,164.165405273438,192.273818969727,0.959999978542328,0,0.00244897953234613,287.573883056641,1
"81_2",427.789471291256,"STM","81",2,1711.15788516503,68.446315406601,26713.3125,517.126831054688,378.222991943359,0,163.898880004883,0.111020408570766,0,106.336479187012,165.043746948242,208.679565429688,0.494693875312805,0,0.289795905351639,120.303672790527,1
"81_3",612.986286044027,"STM","81",3,2451.94514417611,98.0778057670443,25157.853515625,364.622833251953,1441.76806640625,0,190.47021484375,0.137959182262421,0.222222223877907,102.056549072266,165.143585205078,217.092849731445,0.604897975921631,2.77777767181396,0.118367344141006,154.783676147461,0.888888895511627
"81_7",91.2812889704324,"STM","81",7,365.125155881729,14.6050062352692,25646.90234375,703.861083984375,553.332580566406,0,96.9860992431641,0,0,79.663459777832,165.004928588867,228.434295654297,0.23183673620224,12.4444446563721,0.355918377637863,25.0971431732178,0
"81_9",590.315779231532,"STM","81",9,2361.26311692613,94.4505246770451,24650.783203125,157.009826660156,891.07275390625,0,220.749176025391,0.151020407676697,1,91.2367630004883,165.138900756836,224.015106201172,0.62285715341568,0,0.1306122392416,140.341217041016,1
"ExtraPGM_1",451.938415740606,"PGM","ExtraPGM",1,1807.75366296242,72.310146518497,152421.265625,2564.82470703125,3765.70361328125,0,4520.0068359375,0,0,115.503143310547,142.733306884766,191.387771606445,1,0,0,300,1
"ExtraPGM_2",517.473682191691,"PGM","ExtraPGM",2,2069.89472876676,82.7957891506706,151198.9375,982.033935546875,3798.931640625,0,4123.31103515625,0,0,109.982192993164,142.821441650391,191.412185668945,1,0,0,300,1
"ExtraPGM_3",547.292582015129,"PGM","ExtraPGM",3,2189.17032806052,87.5668131224206,153417.078125,2759.29614257812,4701.0283203125,0,3700.20239257812,0,0,120,142.616149902344,191.399353027344,1,0,0,300,1
"ExtraPGM_4",288.041002341916,"PGM","ExtraPGM",4,1152.16400936766,46.0865603747065,154710.0625,1390.68920898438,6389.931640625,0,2081.90405273438,0,0,100,142.444900512695,191.422393798828,1,0,0,300,1
"ExtraSTM_1",981.611535751284,"STM","ExtraSTM",1,3926.44614300513,157.057845720205,61123.97265625,2169.93530273438,4533.498046875,0,4406.912109375,0,0,192.281448364258,166.857284545898,192.808227539062,1,0,0,300,1
"ExtraSTM_2",665.617861089184,"STM","ExtraSTM",2,2662.47144435673,106.498857774269,62658.0703125,2881.68798828125,6406.828125,0,2507.85302734375,0,0,198.094223022461,166.697952270508,191.593566894531,1,0,0,300,1
"ExtraSTM_3",974.045644171899,"STM","ExtraSTM",3,3896.18257668759,155.847303067504,62573.828125,2060.62182617188,6425.595703125,0,853.816833496094,0,0,188.118438720703,166.835876464844,190.001602172852,1,0,0,300,1
"ExtraSTM_4",795.550806705151,"STM","ExtraSTM",4,3182.2032268206,127.288129072824,54885.4609375,478.524993896484,5518.1015625,0,2987.84301757812,0,0,194.603469848633,168.278610229492,189.015243530273,1,0,0,300,1
"ExtraSTM_5",627.228406560254,"STM","ExtraSTM",5,2508.91362624102,100.356545049641,53389.97265625,1685.19958496094,5076.26318359375,0,2480.46142578125,0,0,196.241622924805,168.616409301758,188.646759033203,1,0,0,300,1
